scenario,k,coverage_count,greedy_eval_count,lazy_eval_count,eval_reduction_rate,greedy_runtime_seconds,lazy_runtime_seconds
bus_stop_only,5,222,131,38,0.7099236641221374,0.0005808000005345,0.0001092999991669
bus_stop_only,10,308,236,50,0.788135593220339,0.0016900000009627,0.0002939000005426
bus_stop_only,15,357,316,57,0.819620253164557,0.0032033000006777,0.0003959999994549
bus_stop_only,20,390,371,65,0.8247978436657681,0.0043726000003516,0.0006180999989737
road_nodes,5,328,1991,434,0.7820190858864892,0.012078300000212,0.0010385999994468
road_nodes,10,503,3956,521,0.8683013144590496,0.0440073000008851,0.0024488000017299
road_nodes,15,592,5896,613,0.8960312075983717,0.091541200001302,0.0044061999997211
road_nodes,20,659,7811,663,0.9151197029829727,0.1460767000007763,0.0057457999992038
